{
    "run_list": [
        "datadesk::default",
        "datadesk::python",
        "datadesk::postgresql",
        "datadesk::pgpool",
        "datadesk::apps",
        "datadesk::apache",
        "datadesk::varnish",
        "datadesk::memcached",
        "datadesk::munin",
        "datadesk::newrelic",
        "datadesk::cron",
        "datadesk::motd"
    ],
    "base_packages": [
        "git-core",
        "bash-completion",
        "zip",
        "unzip",
        "libfreetype6-dev",
        "libjpeg-dev",
        "libxml-parser-perl"
    ],
    
    "users": {
        "datadesk": {
          "id": 1002,
          "full_name": "datadesk"
        }
    },
    
    "groups": {
        "datadesk": {
          "gid": 202,
          "members": ["datadesk"]
        }
    },
    
    "ubuntu_python_packages": [
        "python-setuptools",
        "python-pip",
        "python-dev",
        "libpq-dev",
        "python-virtualenv",
        "fabric"
    ],
    
    "pip_python_packages": {},
    
    "apps_user": "datadesk",
    "apps_password": "datadesk",
    
    "apps": [{
        "name": "",
        "repo": "",
        "branch": "master",
        "db_user": "",
        "db_name": "",
        "db_password": "",
        "apache_server_name": "",
        "management": [""]
    }],
    
    "apache_port": "8008",
    "varnish_banned_ips": [],
    "varnish_whitelist": [],
    "varnish_no_cache_urls": [],
    "varnish_ttl": "10m",
    "varnish_health_url": "/app_status/",

    "newrelic_license_key": "",

    "munin_name": "",
    "munin_db_user": "",
    "munin_db_name": "",
    "munin_include_db_list": "",
    "munin_master_ips": [],
    "crons": {}
}
